{
    "defaultSeverity": "error",
    "extends": [
        "tslint:recommended"
    ],
    "jsRules": {},
    "rules": {
    	"semicolon": true,
    	"curly": true,
    	"eofline": false,
		"one-line": false,
		"no-bitwise": false,
    	"comment-format": [true, "check-space"],
    	"indent": [true, 4],
    	"prefer-const": true,
    	"arrow-return-shorthand": true,
    	"class-name": true,
    	"import-spacing": true,
		"max-line-length": false,
        "member-access": false,
		"member-ordering": false,
    	"newline-before-return": true,
    	"new-parens": true,
    	"no-boolean-literal-compare": true,
    	"no-console": false,
        "no-irregular-whitespace": true,
        "no-shadowed-variable": false,
    	"no-trailing-whitespace": true,
    	"no-var-requires": false,
    	"number-literal-format": true,
    	"one-variable-per-declaration": [true, "ignore-for-loop"],
    	"object-literal-sort-keys": false,
    	"ordered-imports": false,
    	"prefer-function-over-method": true,
    	"prefer-while": true,
    	"return-undefined": true,
    	"variable-name": [true, "ban-keywords", "check-format", "allow-leading-underscore"],
    	"quotemark": [true, "single"],
    	"typedef-whitespace": [
		  true,
		  {
		    "call-signature": "onespace",
		    "index-signature": "nospace",
		    "parameter": "nospace",
		    "property-declaration": "onespace",
		    "variable-declaration": "onespace"
		  },
		  {
		    "call-signature": "onespace",
		    "index-signature": "onespace",
		    "parameter": "onespace",
		    "property-declaration": "onespace",
		    "variable-declaration": "onespace"
		  }
		],
		"trailing-comma": false
    },
    "rulesDirectory": []
}